"path","category","format","width_px","height_px","bytes","sha256"
"assets/cleaned/act-vest-clean.png","assets/cleaned","PNG","1254","1254","1195206","cb393e74129db72a2adfbf565c9a626e4d55e43959b358e7446eb12fe2e6942a"
"assets/cleaned/config-jacket-clean.png","assets/cleaned","PNG","1254","1254","1056184","72b7a08af3a944a5ae86443aa718d42c872772d189ba72cb6a607053ad8c2181"
"assets/cleaned/home-background-clean.png","assets/cleaned","PNG","851","1848","2225693","be1390443ba7fb759d30575d8c2a6a812aa446ea404f13951bc2753661439281"
"assets/cleaned/mode-background-clean.png","assets/cleaned","PNG","853","1844","1406720","500b005900cf95e3506500698295e764ff88b26c09c80692b50a1ea14d09e4a8"
"assets/cleaned/profile-mountain-clean.png","assets/cleaned","PNG","853","1844","2153869","5d88772c316e0889bc20b6bb72fd5fce7cc7119fd84556744b5398a915096f1d"
"references/contact-sheets-v1/contact-sheet-01.jpg","references/contact-sheets-v1","JPG","1120","2920","302509","1a48bce03e76286390d20dd84e07054836219bc59b5ce9e0cec5e8071f8b1aae"
"references/contact-sheets-v1/contact-sheet-02.jpg","references/contact-sheets-v1","JPG","1120","2920","247476","0cb0e4b34ed073d38de0a0cab68a6d2a606f95f293076eb16adee3d3840ad93a"
"references/contact-sheets-v1/contact-sheet-03.jpg","references/contact-sheets-v1","JPG","1120","2920","234356","213f390a5433328def478f6690040358fa116080ccdf91910c91175bc49e40d2"
"references/contact-sheets-v1/contact-sheet-04.jpg","references/contact-sheets-v1","JPG","1120","2920","235552","d327e52510c680af50d9144f56df0d5c56b1ee0519465714fe1702326415633d"
"references/contact-sheets-v1/contact-sheet-05.jpg","references/contact-sheets-v1","JPG","1120","2920","179827","56b903af5793b8e2a5675b9a44b6c45c32f64aadbc151f0f3acf6b910b1bcbc9"
"references/figma-v2/f01-auth/102-1803.png","references/figma-v2/f01-auth","PNG","360","800","12806","3b74471fb04bfb7cb5e5601d033ca78a9fe7339e5be166b95a1d4888f5b86e95"
"references/figma-v2/f01-auth/102-1810.png","references/figma-v2/f01-auth","PNG","360","800","14746","a6694f2ca0cc163f367fedc687fbbce6eb30d59528ea54342657e278102912a6"
"references/figma-v2/f01-auth/102-1821.png","references/figma-v2/f01-auth","PNG","360","800","27295","79dc982d16379ff699610fa1c5c0b8316d2c2e756375d178ba2a5894cfcd82d2"
"references/figma-v2/f01-auth/24-13.png","references/figma-v2/f01-auth","PNG","360","800","12918","fabd19e6fcd52b932f7174f5afba73dafd1ee3ca96a4e103e62e28af5e63c260"
"references/figma-v2/f01-auth/90-943.png","references/figma-v2/f01-auth","PNG","360","800","18566","fb9a5ce87712895e8a62104c0c67e8221820e4b328c341bdcceab89f71912315"
"references/figma-v2/f02-f03-commerce-configurator/101-1678.png","references/figma-v2/f02-f03-commerce-configurator","PNG","360","800","19349","801aa08f7bfe82aec11224db60b3daf787255bbfe7b7aba85c46624b5afd97c0"
"references/figma-v2/f02-f03-commerce-configurator/101-1718.png","references/figma-v2/f02-f03-commerce-configurator","PNG","360","800","23992","2250eb52f1b945567d163044b70eb806ff0e0ce088a8d50b1bb687e0e7b26b85"
"references/figma-v2/f02-f03-commerce-configurator/90-1008.png","references/figma-v2/f02-f03-commerce-configurator","PNG","360","800","17867","a22b610737b95327f92e88a04178f62871a08a792eb8905824c905dc3ac26763"
"references/figma-v2/f02-f03-commerce-configurator/90-1040.png","references/figma-v2/f02-f03-commerce-configurator","PNG","360","800","18082","b44b2bbe8c7025179ff63ec87b69466d550625141ea0048ec3c07c760b307840"
"references/figma-v2/f02-f03-commerce-configurator/90-1072.png","references/figma-v2/f02-f03-commerce-configurator","PNG","360","800","18886","f4bed669e6676fd4956f5c840fd9d6c5cf1e440d90d57b1b019796af8f918bc0"
"references/figma-v2/f02-f03-commerce-configurator/90-975.png","references/figma-v2/f02-f03-commerce-configurator","PNG","360","800","18923","eae4878b58eae62d093cc65ee242e7dee904caee4eaa96c293d1d6a5287ea67a"
"references/figma-v2/f02-f03-commerce-configurator/91-1033.png","references/figma-v2/f02-f03-commerce-configurator","PNG","360","800","25755","201da9f7e3bec58ea3270325eb35361070b90637068a88e1fd478db89bfaccba"
"references/figma-v2/f02-f03-commerce-configurator/91-1070.png","references/figma-v2/f02-f03-commerce-configurator","PNG","360","800","20635","8605a7c1245b0d6a45bdf1799bf9cf82d4ddf29a6e98a4ab6505cc45fc84d05f"
"references/figma-v2/f02-f03-commerce-configurator/91-1107.png","references/figma-v2/f02-f03-commerce-configurator","PNG","360","800","21279","ca67d7343e85661d7a45c2e69f7d5f2d927288fed03dee03bd55e1f7e114e42d"
"references/figma-v2/f02-f03-commerce-configurator/91-1156.png","references/figma-v2/f02-f03-commerce-configurator","PNG","360","800","19348","9c95b62b75ffc8bba8eddcce90b6619a85bea022fee23232e17710c6a62a3d00"
"references/figma-v2/f02-f03-commerce-configurator/94-1124.png","references/figma-v2/f02-f03-commerce-configurator","PNG","360","800","19428","2aceb9d8e293fefee0c37b1ff21a7a2516e36b19e6f6d802212c9e785c52ebd1"
"references/figma-v2/f02-f03-commerce-configurator/94-1159.png","references/figma-v2/f02-f03-commerce-configurator","PNG","360","800","19944","6ee7fa45a70e770b2862bc9c9047be17397b01ecdb5fa6049ba797487d0e0cd3"
"references/figma-v2/f02-f03-commerce-configurator/96-1459.png","references/figma-v2/f02-f03-commerce-configurator","PNG","360","800","21422","86cff4fcce07dfb970e994e905ebb65ba686bf895464b8339e307330c90cfba2"
"references/figma-v2/f02-f03-commerce-configurator/96-1496.png","references/figma-v2/f02-f03-commerce-configurator","PNG","360","800","20689","b17f91c655555290c3b6465abcdf26d46ba896e947e144f3b9074fc846e764e2"
"references/figma-v2/f02-f03-commerce-configurator/98-1458.png","references/figma-v2/f02-f03-commerce-configurator","PNG","360","800","18910","7bdb991b35b747ec3237abe7892548cefe87c930bdcdcd594ded16c921ab5892"
"references/figma-v2/f02-f03-commerce-configurator/contact-sheet.png","references/figma-v2/f02-f03-commerce-configurator","PNG","1800","2400","224257","43d4965e2ba43cde8fb659299aeba389aa27fddd86eddac08acc51cae185bf9f"
"references/figma-v2/f04-f05-orders-profile/101-1596.png","references/figma-v2/f04-f05-orders-profile","PNG","360","800","21559","918ec98adef598a97144a15050391a4cb28bda1e7c3fd49976df92b42320deca"
"references/figma-v2/f04-f05-orders-profile/101-1643.png","references/figma-v2/f04-f05-orders-profile","PNG","360","800","21349","984b57ba9a84a68385a10b18a87b1b30e5d15ab7edec5c3f36b57c6ff952952e"
"references/figma-v2/f04-f05-orders-profile/101-1758.png","references/figma-v2/f04-f05-orders-profile","PNG","360","800","28698","4e87f94e04635c65e14ea20ee863b955cbabd810a4d6839af719f51110c2148b"
"references/figma-v2/f04-f05-orders-profile/102-1730.png","references/figma-v2/f04-f05-orders-profile","PNG","360","800","28558","b735b5bbc7a0fbb9262d2cc008f8e2140a8e6b68811e743d6c1a552e2628e5ea"
"references/figma-v2/f04-f05-orders-profile/102-1768.png","references/figma-v2/f04-f05-orders-profile","PNG","360","800","19741","5d54f516be874c9c39b42aa6b60e1b07f389a281da57d539154479ef6e5d3502"
"references/figma-v2/f04-f05-orders-profile/104-1816.png","references/figma-v2/f04-f05-orders-profile","PNG","360","800","20465","da9c07c22e69bcd148f878d8f758b439340f38cbefa7e980ae481f3ec35c5881"
"references/figma-v2/f04-f05-orders-profile/94-1194.png","references/figma-v2/f04-f05-orders-profile","PNG","360","800","24393","41facc1f9f882cfc3c405a96a32eca6eebb296d88fe103d97d4f2856fcdff63c"
"references/figma-v2/f04-f05-orders-profile/94-1234.png","references/figma-v2/f04-f05-orders-profile","PNG","360","800","19581","d9b8e78a2927b88a40f3ac5673c93485d8b9bf4f746639a623d788c0d2e51da4"
"references/figma-v2/f04-f05-orders-profile/94-1269.png","references/figma-v2/f04-f05-orders-profile","PNG","360","800","18857","deb3ae60104d9d0212977472530ba374c39dcddd813c61ad94906e426803487a"
"references/figma-v2/f04-f05-orders-profile/95-1367.png","references/figma-v2/f04-f05-orders-profile","PNG","360","800","20554","63132482ce8f44db8d837f10a260f9109ab2f878e1e49167512965daafc5beb0"
"references/figma-v2/f04-f05-orders-profile/95-1402.png","references/figma-v2/f04-f05-orders-profile","PNG","360","800","20675","04db0988c1df66a9ddb2906e6c56bc20c7d4be150155a86035a1d3aaae583c58"
"references/figma-v2/f04-f05-orders-profile/96-1349.png","references/figma-v2/f04-f05-orders-profile","PNG","360","800","19811","e5eab7db5ba32e1e3e37afb7612399bf67d00e81b0320d59140c50ddd636a7cf"
"references/figma-v2/f04-f05-orders-profile/96-1384.png","references/figma-v2/f04-f05-orders-profile","PNG","360","800","20987","c4dbd6345d1e1f2ed8a6f8bacf8f73c842562c1af5ba9e555aa58267e56ab449"
"references/figma-v2/f04-f05-orders-profile/98-1495.png","references/figma-v2/f04-f05-orders-profile","PNG","360","800","19310","e6800f7c5f3bbfdb3a14264650fa759ce1f4423eafebca3fc0539ed3909b4a83"
"references/figma-v2/f04-f05-orders-profile/98-1542.png","references/figma-v2/f04-f05-orders-profile","PNG","360","800","21742","60e0de527d72946ef0b2bbaf8604714a0880e8e9969e94b59aa406036e3fe36e"
"references/figma-v2/f04-f05-orders-profile/98-1589.png","references/figma-v2/f04-f05-orders-profile","PNG","360","800","21179","6cd5edc186fde446b1dfb194889a339858016b7542281d0d39d4f23efec92b78"
"references/figma-v2/f04-f05-orders-profile/98-1636.png","references/figma-v2/f04-f05-orders-profile","PNG","360","800","23346","9577a4b68978366d4d32542350fa7af51abdd94205ff47590fae47cca64b0785"
"references/screens-v1/00-参考画板-选配与账户流程（iPhone 12 Pro Max – 1）.png","references/screens-v1","PNG","5922","3952","771512","83d63b299da48e3889deee7f6b991bd39302fb071efcec9551bbe6902ea598ee"
"references/screens-v1/00-资源-底部导航图标（画板 – 1）.png","references/screens-v1","PNG","461","219","7760","b40975e7f79179558b0ba2e2a98ecf029eb5ece735e19dd044a6afead8dba12a"
"references/screens-v1/00-资源-分类标题-AVANT（资源 7@2x）.png","references/screens-v1","PNG","732","108","11010","883f278773884fc7d41c1b64b522e4908126843b75cda80e58ccf7c7957d1c96"
"references/screens-v1/01-启动页（登录 – 5）.png","references/screens-v1","PNG","375","812","11029","8dee1e15ca9eaab25061210aa75aeba26c9e58f3da628e1163e7ac767d45cd16"
"references/screens-v1/02-登录-微信快捷登录（登录 – 13）.png","references/screens-v1","PNG","375","812","18346","295420a4f996409475eab21acea33670c2b38e61e21bf1381d0ce2c420f1b711"
"references/screens-v1/03-首页-主题推荐（登录 – 6）.png","references/screens-v1","PNG","375","812","473710","d61a2242dd4745533417035ad3349c871f80a57b0dedaca895eb7b024089afca"
"references/screens-v1/03-首页-主题推荐-备选稿（登录 – 23）.png","references/screens-v1","PNG","375","812","472202","30dd44f5544bb249ad2f91f9404426f97035651f3fcb10394b493b107b26363f"
"references/screens-v1/04-选购-模式选择（登录 – 7）.png","references/screens-v1","PNG","375","812","225372","bdb19cac902f1d200c18e6fab1ed4bd4f392aa0751509a409554498482e59e4e"
"references/screens-v1/04-选购-模式选择-完全重复稿（改1）.png","references/screens-v1","PNG","375","812","225372","bdb19cac902f1d200c18e6fab1ed4bd4f392aa0751509a409554498482e59e4e"
"references/screens-v1/05-配置器-系列选择（首页）.png","references/screens-v1","PNG","3125","6792","260625","ca4b73e95481479d1229ae6104e74c9f377f9183c811d008689e6bbb5750f8c3"
"references/screens-v1/06-商品分类-服饰（登录 – 15）.png","references/screens-v1","PNG","375","953","28854","390d78ce786cc740dd807147882482f92c16fd64ffe17b631259acea47ae612a"
"references/screens-v1/06-商品分类-配件（登录 – 22）.png","references/screens-v1","PNG","375","953","28844","1856452f872aaa696fe5974227ea42c2d75e9fb9523baad1ae5a4a42f7bf0c1f"
"references/screens-v1/07-商品列表-ACT分类（登录 – 8）.png","references/screens-v1","PNG","375","812","45866","d53f95bef225efd5f33ff9da98f09e24b55e6b3c8ccd9cae1e1c70fb6b1256a5"
"references/screens-v1/08-商品详情-ACT背心（登录 – 9）.png","references/screens-v1","PNG","375","1334","130455","a4bdf7e8a0e8e888c14ec83b22d99957f49982dc5e315113bdf846dccf04691b"
"references/screens-v1/09-配置器-步骤1-选择单品（登录 – 16）.png","references/screens-v1","PNG","375","987","104936","d16c3276d03455b58b31ac317ab295b5b922673184b43ff66f213b86d42fbade"
"references/screens-v1/10-配置器-步骤2-选择单品（登录 – 17）.png","references/screens-v1","PNG","375","812","76921","8684b1f6045d0ceb5eaf31b1b892e1dbab0732d51237d9623bdfc17de8287258"
"references/screens-v1/11-配置器-步骤3-未选择（登录 – 21）.png","references/screens-v1","PNG","375","812","84790","3dc5ac4287d4ba38f29d62818c92812cc55195428f67907743166472a581ba89"
"references/screens-v1/11-配置器-步骤3-已选择（登录 – 18）.png","references/screens-v1","PNG","375","812","84503","ea2b1123baf9255408e23aa0818116eb620d4621bf8c1bf6a0cefc40be91d07d"
"references/screens-v1/12-配置器-步骤4-待确认（登录 – 19）.png","references/screens-v1","PNG","375","812","68210","77ebfb81ec56b3fa26233f1647140513908afaa6f037436f162ebb8bbf5e1d86"
"references/screens-v1/12-配置器-步骤4-可完成（登录 – 20）.png","references/screens-v1","PNG","375","812","84850","3cb01a549b3240eefcbfaf72b7a30586ff8cf54bd1cdec2987785a6abe703e23"
"references/screens-v1/13-购物车-空状态（登录 – 10）.png","references/screens-v1","PNG","375","812","17045","68a36fbacc950d2d4fa3975609b10e2516d8cf8f0e3d27328016a8d013ffb48b"
"references/screens-v1/13-购物车-已全选（登录 – 11）.png","references/screens-v1","PNG","375","812","42070","d152c2511c54310d597dc0fb991b0b9afce44c2a9a47516493f24097a946de42"
"references/screens-v1/13-购物车-有商品未勾选（登录 – 12）.png","references/screens-v1","PNG","375","812","40885","15e187015aeea4d78731870390a31fbf69ee9a1051ee6ecc3792aa769e1a429d"
"references/screens-v1/14-个人中心（登录 – 14）.png","references/screens-v1","PNG","375","812","253120","afdcf03e9980bcf10acb11c7175580f393f7b25b64a476cf6d4b8ad7756383fd"
"references/screens-v1/14-个人中心-微调稿（登录 – 24）.png","references/screens-v1","PNG","375","812","253141","22d041b9b17e50a7d993932282cf9cecc989a5c93789ab3849284a421e170824"
"references/screens-v1/15-订单列表-待付款（购买订单 – 6）.png","references/screens-v1","PNG","375","812","28606","31d874ba2829447a9b8453e3a8a14e3df02fa7c9e169d7c5a28ce629d0483f52"
"references/screens-v1/16-订单列表-待发货-更多菜单（购买订单）.png","references/screens-v1","PNG","375","812","31996","17ae9302bd7c44ae67a6dcc5f841f451a84128bbf91a888672389cf74a492d0c"
"references/screens-v1/17-订单列表-已发货-更多菜单（购买订单 – 1）.png","references/screens-v1","PNG","375","812","31949","53b2f78958e2faa0ee4776ddb8fcf1b3ea69117cbe0e1d38844a35167621267d"
"references/screens-v1/18-订单列表-已完成（购买订单 – 4）.png","references/screens-v1","PNG","375","812","29003","3a518a5754340293305395f85bdb5721b7e36bceaeb14967d76ac77480afba70"
"references/screens-v1/19-订单列表-售后处理中（售后）.png","references/screens-v1","PNG","375","812","27852","58d84b7f634a2765f04a5b957c79ca3010d85d3b51c83e125b5f2dbcd22677bc"
"references/screens-v1/20-订单详情（购买订单 – 3）.png","references/screens-v1","PNG","375","812","33218","b3c6153c2b6ff357d0c2fbb09290af4eb9bc1bd9a4140e489520be0b13c7087f"
"references/screens-v1/21-售后详情（购买订单 – 5）.png","references/screens-v1","PNG","375","812","31441","9c425511459ebe90834c0994f0b309fe4369e3f7762ebd218c8f734dbfe65b43"
"references/screens-v1/22-退货-填写订单号（退款 – 3）.png","references/screens-v1","PNG","375","812","15458","35bba726689d209c25fad556559122109cba150c6f1fed6918271938adfbe905"
"references/screens-v1/23-退货-选择原因（退款）.png","references/screens-v1","PNG","375","812","21419","08f5efe0c66929a85f7f9efe8d35bb719785694735b78270e52de7ce2a13add2"
"references/screens-v1/24-退货-填写问题并上传凭证（退款 – 2）.png","references/screens-v1","PNG","375","812","26384","5c9b1a7da09a198d6af894d5ee06c1975bee6518a5b126431e50023b41cc5fa2"
"references/screens-v1/25-收货地址-地址列表（修改地址）.png","references/screens-v1","PNG","375","812","33090","31ebb0c08c69423a2957d5d39ee1469bc43aa0b6753b1559849864394248cdcc"
"references/screens-v1/26-收货地址-新增地址（修改地址 – 1）.png","references/screens-v1","PNG","375","812","33095","606159222e8c484a214c5441850e4fea9c0c776aba4e4c6b16b4d35ceb7ec732"
"references/screens-v1/27-物流详情-运输轨迹（物流轨迹）.png","references/screens-v1","PNG","375","812","62614","90d590862696bb32f6723ab643cdf1b2823c6aff8783e6ee9b9dc9c9005ed362"
